{"initial_reset_timestamp": 1.5573634, "timestamps": [1.8862366, 2.3253292, 2.5446362, 3.0596533, 3.5546938, 4.28789, 4.5150655, 4.8331561, 5.2139855, 5.693457, 6.8714545, 7.0073197, 7.2211183, 7.7499691, 8.0196768, 8.1641354, 8.3599351, 8.8096503, 9.0236127, 9.2648411, 9.6523875, 9.8122776, 9.9441222, 10.1400908, 10.5526519, 10.8679834, 11.1124585, 11.3087673, 11.5226334, 11.8765161, 12.915887, 13.5715564, 14.0536183, 14.483927, 14.9801236, 15.7066743, 16.1337973, 16.9627246, 17.517857, 18.3458362, 19.0356585, 19.6335799, 20.9215944, 21.8681599, 22.3007595, 23.0477708, 23.4599587, 24.0387145, 25.3908192, 26.645909, 29.3492392, 32.1928624, 33.6513441, 35.013734, 36.3277788, 37.1351444, 37.7019568, 38.1382178, 38.9281132, 39.5417407, 40.4416893, 41.7004015, 42.2908584, 42.9986486, 43.6489367, 44.8288787, 46.4030371, 48.6873414, 50.1245677, 51.6618476, 53.8707516, 55.709162, 57.1491122, 57.871119, 58.2677903, 59.0058868, 59.6138855, 60.3587798, 61.0682869, 63.5924273, 64.8476583, 65.7018637, 66.6660414, 67.4486818, 68.7853061, 70.6857162, 72.0397441, 73.2711762, 73.6161476, 74.2427726, 75.9363203, 77.652188, 78.5298434, 79.2036742, 82.0263004, 82.8222306, 86.4711516, 87.0578452, 87.956076, 91.7454944, 94.7830528, 98.5822828, 103.0298287, 106.8729691, 111.0631136, 112.3344051, 113.9970775, 114.8795887, 115.5968672, 116.5624194, 119.7493468, 121.4086772, 122.6898811, 123.8944365, 126.3346244, 129.8313249, 135.6654976, 140.0500048, 144.4143381, 148.1275102, 154.387762, 159.5211751, 166.6597773, 168.0712632, 176.8344706, 185.5939646, 192.0953296, 196.8283007, 201.3325108, 201.8196063, 207.2754635, 208.9497449, 210.5325903, 212.4082295, 213.0564139, 214.6414305, 215.3739853, 220.4347, 222.7090427, 227.9070387, 233.6942174, 236.7670468, 240.6067794, 243.4477443, 247.1092576, 251.8820483, 256.4957177, 257.8706868, 267.1917901, 276.4481522, 290.8935784, 296.327648, 301.9167188, 307.2262973, 309.5156823, 314.8735317, 315.7211259, 316.7837345, 325.8133111, 326.051473, 326.7178609, 327.5891463, 335.390461, 345.1433605, 354.4773818, 363.834472, 373.6071159, 378.1849336, 383.5032688, 387.4261977, 394.8569859, 398.9562547, 403.8624499, 407.0730526, 411.2528736, 419.3724647, 424.5111042, 429.9808365, 435.089174, 437.3776607, 442.636826, 445.7685411, 448.145587, 451.3826708, 453.1373411, 454.1292095, 454.4701516, 457.4801754, 460.3335504, 463.334136, 466.7908279, 467.2846102, 470.3568135, 471.3193688, 474.1157534, 477.1696179, 479.5980634, 481.9773798, 484.766042, 486.9480574, 491.0139278, 493.4061494, 496.2323632, 498.8548483, 501.2167807, 504.1932053, 508.2180203, 511.4325328, 513.8950678, 517.6133304, 523.753148, 526.9284226, 530.7398383, 534.0388464, 536.5933065, 539.1005992, 541.6881093, 543.9936069, 545.9780294, 548.3803464, 554.5478909, 558.0232849, 564.7813315, 569.6557807, 573.2373682, 575.9044179, 577.969182, 580.2696645, 585.551251, 589.108624, 597.3086259, 601.7077913, 607.598477, 612.750048, 619.2409205, 624.4630455, 628.4146798, 631.3863711, 634.4882845, 636.8413532, 640.3369963, 641.9797682, 644.0274878, 645.8101069, 647.6440918, 649.9692395, 652.0321388, 652.2169923, 654.2361587, 656.156337], "episode_lengths": [21, 21, 12, 27, 24, 38, 13, 16, 22, 29, 23, 8, 14, 34, 18, 10, 12, 25, 14, 17, 16, 11, 9, 12, 27, 20, 16, 12, 14, 23, 44, 43, 29, 27, 30, 44, 27, 51, 33, 50, 22, 34, 72, 51, 24, 45, 25, 36, 83, 73, 101, 155, 80, 78, 76, 45, 32, 23, 47, 38, 32, 72, 36, 41, 36, 74, 93, 137, 86, 92, 79, 105, 81, 42, 26, 44, 35, 43, 41, 151, 47, 50, 57, 45, 78, 110, 80, 71, 21, 37, 59, 100, 49, 39, 164, 45, 197, 35, 48, 217, 108, 212, 208, 192, 186, 67, 89, 45, 41, 57, 103, 90, 67, 67, 130, 177, 302, 196, 235, 202, 201, 264, 360, 69, 449, 500, 360, 262, 225, 27, 174, 92, 83, 96, 34, 89, 38, 249, 112, 244, 174, 167, 206, 156, 188, 260, 248, 76, 500, 500, 500, 500, 500, 500, 220, 458, 58, 57, 495, 14, 18, 53, 461, 500, 500, 500, 500, 221, 276, 250, 314, 196, 257, 179, 217, 384, 253, 301, 293, 132, 187, 181, 139, 189, 100, 52, 20, 163, 162, 162, 120, 27, 166, 52, 151, 172, 138, 135, 154, 129, 134, 130, 143, 136, 129, 145, 164, 150, 129, 185, 189, 147, 187, 177, 225, 236, 248, 215, 179, 178, 205, 214, 425, 297, 211, 151, 154, 206, 500, 335, 474, 257, 314, 307, 373, 308, 343, 278, 292, 196, 202, 154, 192, 162, 161, 178, 157, 18, 195, 185], "episode_rewards": [21.0, 21.0, 12.0, 27.0, 24.0, 38.0, 13.0, 16.0, 22.0, 29.0, 23.0, 8.0, 14.0, 34.0, 18.0, 10.0, 12.0, 25.0, 14.0, 17.0, 16.0, 11.0, 9.0, 12.0, 27.0, 20.0, 16.0, 12.0, 14.0, 23.0, 44.0, 43.0, 29.0, 27.0, 30.0, 44.0, 27.0, 51.0, 33.0, 50.0, 22.0, 34.0, 72.0, 51.0, 24.0, 45.0, 25.0, 36.0, 83.0, 73.0, 101.0, 155.0, 80.0, 78.0, 76.0, 45.0, 32.0, 23.0, 47.0, 38.0, 32.0, 72.0, 36.0, 41.0, 36.0, 74.0, 93.0, 137.0, 86.0, 92.0, 79.0, 105.0, 81.0, 42.0, 26.0, 44.0, 35.0, 43.0, 41.0, 151.0, 47.0, 50.0, 57.0, 45.0, 78.0, 110.0, 80.0, 71.0, 21.0, 37.0, 59.0, 100.0, 49.0, 39.0, 164.0, 45.0, 197.0, 35.0, 48.0, 217.0, 108.0, 212.0, 208.0, 192.0, 186.0, 67.0, 89.0, 45.0, 41.0, 57.0, 103.0, 90.0, 67.0, 67.0, 130.0, 177.0, 302.0, 196.0, 235.0, 202.0, 201.0, 264.0, 360.0, 69.0, 449.0, 500.0, 360.0, 262.0, 225.0, 27.0, 174.0, 92.0, 83.0, 96.0, 34.0, 89.0, 38.0, 249.0, 112.0, 244.0, 174.0, 167.0, 206.0, 156.0, 188.0, 260.0, 248.0, 76.0, 500.0, 500.0, 500.0, 500.0, 500.0, 500.0, 220.0, 458.0, 58.0, 57.0, 495.0, 14.0, 18.0, 53.0, 461.0, 500.0, 500.0, 500.0, 500.0, 221.0, 276.0, 250.0, 314.0, 196.0, 257.0, 179.0, 217.0, 384.0, 253.0, 301.0, 293.0, 132.0, 187.0, 181.0, 139.0, 189.0, 100.0, 52.0, 20.0, 163.0, 162.0, 162.0, 120.0, 27.0, 166.0, 52.0, 151.0, 172.0, 138.0, 135.0, 154.0, 129.0, 134.0, 130.0, 143.0, 136.0, 129.0, 145.0, 164.0, 150.0, 129.0, 185.0, 189.0, 147.0, 187.0, 177.0, 225.0, 236.0, 248.0, 215.0, 179.0, 178.0, 205.0, 214.0, 425.0, 297.0, 211.0, 151.0, 154.0, 206.0, 500.0, 335.0, 474.0, 257.0, 314.0, 307.0, 373.0, 308.0, 343.0, 278.0, 292.0, 196.0, 202.0, 154.0, 192.0, 162.0, 161.0, 178.0, 157.0, 18.0, 195.0, 185.0], "episode_types": ["t", "t", "t", "t", "t", "t", "t", "t", "t", "t", "t", "t", "t", "t", "t", "t", "t", "t", "t", "t", "t", "t", "t", "t", "t", "t", "t", "t", "t", "t", "t", "t", "t", "t", "t", "t", "t", "t", "t", "t", "t", "t", "t", "t", "t", "t", "t", "t", "t", "t", "t", "t", "t", "t", "t", "t", "t", "t", "t", "t", "t", "t", "t", "t", "t", "t", "t", "t", "t", "t", "t", "t", "t", "t", "t", "t", "t", "t", "t", "t", "t", "t", "t", "t", "t", "t", "t", "t", "t", "t", "t", "t", "t", "t", "t", "t", "t", "t", "t", "t", "t", "t", "t", "t", "t", "t", "t", "t", "t", "t", "t", "t", "t", "t", "t", "t", "t", "t", "t", "t", "t", "t", "t", "t", "t", "t", "t", "t", "t", "t", "t", "t", "t", "t", "t", "t", "t", "t", "t", "t", "t", "t", "t", "t", "t", "t", "t", "t", "t", "t", "t", "t", "t", "t", "t", "t", "t", "t", "t", "t", "t", "t", "t", "t", "t", "t", "t", "t", "t", "t", "t", "t", "t", "t", "t", "t", "t", "t", "t", "t", "t", "t", "t", "t", "t", "t", "t", "t", "t", "t", "t", "t", "t", "t", "t", "t", "t", "t", "t", "t", "t", "t", "t", "t", "t", "t", "t", "t", "t", "t", "t", "t", "t", "t", "t", "t", "t", "t", "t", "t", "t", "t", "t", "t", "t", "t", "t", "t", "t", "t", "t", "t", "t", "t", "t", "t", "t", "t", "t", "t", "t", "t", "t", "t", "t", "t", "t", "t", "t", "t"]}